<?xml version="1.0" encoding="UTF-8"?>
<root>
  <item name="com.dsphotoeditor.sdk.ui.stickerview.AbstractFlipEvent int getFlipDirection()">
    <annotation name="androidx.annotation.IntDef">
      <val name="flag" val="true" />
      <val name="value" val="{com.dsphotoeditor.sdk.ui.stickerview.StickerView.FLIP_HORIZONTALLY, com.dsphotoeditor.sdk.ui.stickerview.StickerView.FLIP_VERTICALLY}" />
    </annotation>
  </item>
  <item name="com.dsphotoeditor.sdk.ui.stickerview.BitmapStickerIcon BitmapStickerIcon(android.graphics.drawable.Drawable, int) 1">
    <annotation name="androidx.annotation.IntDef">
      <val name="value" val="{com.dsphotoeditor.sdk.ui.stickerview.BitmapStickerIcon.LEFT_TOP, com.dsphotoeditor.sdk.ui.stickerview.BitmapStickerIcon.RIGHT_TOP, com.dsphotoeditor.sdk.ui.stickerview.BitmapStickerIcon.LEFT_BOTTOM, com.dsphotoeditor.sdk.ui.stickerview.BitmapStickerIcon.RIGHT_BOTOM}" />
    </annotation>
  </item>
  <item name="com.dsphotoeditor.sdk.ui.stickerview.BitmapStickerIcon int getPosition()">
    <annotation name="androidx.annotation.IntDef">
      <val name="value" val="{com.dsphotoeditor.sdk.ui.stickerview.BitmapStickerIcon.LEFT_TOP, com.dsphotoeditor.sdk.ui.stickerview.BitmapStickerIcon.RIGHT_TOP, com.dsphotoeditor.sdk.ui.stickerview.BitmapStickerIcon.LEFT_BOTTOM, com.dsphotoeditor.sdk.ui.stickerview.BitmapStickerIcon.RIGHT_BOTOM}" />
    </annotation>
  </item>
  <item name="com.dsphotoeditor.sdk.ui.stickerview.BitmapStickerIcon position">
    <annotation name="androidx.annotation.IntDef">
      <val name="value" val="{com.dsphotoeditor.sdk.ui.stickerview.BitmapStickerIcon.LEFT_TOP, com.dsphotoeditor.sdk.ui.stickerview.BitmapStickerIcon.RIGHT_TOP, com.dsphotoeditor.sdk.ui.stickerview.BitmapStickerIcon.LEFT_BOTTOM, com.dsphotoeditor.sdk.ui.stickerview.BitmapStickerIcon.RIGHT_BOTOM}" />
    </annotation>
  </item>
  <item name="com.dsphotoeditor.sdk.ui.stickerview.BitmapStickerIcon void setPosition(int) 0">
    <annotation name="androidx.annotation.IntDef">
      <val name="value" val="{com.dsphotoeditor.sdk.ui.stickerview.BitmapStickerIcon.LEFT_TOP, com.dsphotoeditor.sdk.ui.stickerview.BitmapStickerIcon.RIGHT_TOP, com.dsphotoeditor.sdk.ui.stickerview.BitmapStickerIcon.LEFT_BOTTOM, com.dsphotoeditor.sdk.ui.stickerview.BitmapStickerIcon.RIGHT_BOTOM}" />
    </annotation>
  </item>
  <item name="com.dsphotoeditor.sdk.ui.stickerview.BitmapStickerIcon.Gravity">
    <annotation name="androidx.annotation.IntDef">
      <val name="value" val="{com.dsphotoeditor.sdk.ui.stickerview.BitmapStickerIcon.LEFT_TOP, com.dsphotoeditor.sdk.ui.stickerview.BitmapStickerIcon.RIGHT_TOP, com.dsphotoeditor.sdk.ui.stickerview.BitmapStickerIcon.LEFT_BOTTOM, com.dsphotoeditor.sdk.ui.stickerview.BitmapStickerIcon.RIGHT_BOTOM}" />
    </annotation>
  </item>
  <item name="com.dsphotoeditor.sdk.ui.stickerview.FlipBothDirectionsEvent int getFlipDirection()">
    <annotation name="androidx.annotation.IntDef">
      <val name="flag" val="true" />
      <val name="value" val="{com.dsphotoeditor.sdk.ui.stickerview.StickerView.FLIP_HORIZONTALLY, com.dsphotoeditor.sdk.ui.stickerview.StickerView.FLIP_VERTICALLY}" />
    </annotation>
  </item>
  <item name="com.dsphotoeditor.sdk.ui.stickerview.FlipHorizontallyEvent int getFlipDirection()">
    <annotation name="androidx.annotation.IntDef">
      <val name="flag" val="true" />
      <val name="value" val="{com.dsphotoeditor.sdk.ui.stickerview.StickerView.FLIP_HORIZONTALLY, com.dsphotoeditor.sdk.ui.stickerview.StickerView.FLIP_VERTICALLY}" />
    </annotation>
  </item>
  <item name="com.dsphotoeditor.sdk.ui.stickerview.FlipVerticallyEvent int getFlipDirection()">
    <annotation name="androidx.annotation.IntDef">
      <val name="flag" val="true" />
      <val name="value" val="{com.dsphotoeditor.sdk.ui.stickerview.StickerView.FLIP_HORIZONTALLY, com.dsphotoeditor.sdk.ui.stickerview.StickerView.FLIP_VERTICALLY}" />
    </annotation>
  </item>
  <item name="com.dsphotoeditor.sdk.ui.stickerview.Sticker.Position">
    <annotation name="androidx.annotation.IntDef">
      <val name="flag" val="true" />
      <val name="value" val="{com.dsphotoeditor.sdk.ui.stickerview.Sticker.Position.CENTER, com.dsphotoeditor.sdk.ui.stickerview.Sticker.Position.TOP, com.dsphotoeditor.sdk.ui.stickerview.Sticker.Position.BOTTOM, com.dsphotoeditor.sdk.ui.stickerview.Sticker.Position.LEFT, com.dsphotoeditor.sdk.ui.stickerview.Sticker.Position.RIGHT}" />
    </annotation>
  </item>
  <item name="com.dsphotoeditor.sdk.ui.stickerview.StickerView com.dsphotoeditor.sdk.ui.stickerview.StickerView addSticker(com.dsphotoeditor.sdk.ui.stickerview.Sticker, int) 1">
    <annotation name="androidx.annotation.IntDef">
      <val name="flag" val="true" />
      <val name="value" val="{com.dsphotoeditor.sdk.ui.stickerview.Sticker.Position.CENTER, com.dsphotoeditor.sdk.ui.stickerview.Sticker.Position.TOP, com.dsphotoeditor.sdk.ui.stickerview.Sticker.Position.BOTTOM, com.dsphotoeditor.sdk.ui.stickerview.Sticker.Position.LEFT, com.dsphotoeditor.sdk.ui.stickerview.Sticker.Position.RIGHT}" />
    </annotation>
  </item>
  <item name="com.dsphotoeditor.sdk.ui.stickerview.StickerView currentMode">
    <annotation name="androidx.annotation.IntDef">
      <val name="value" val="{com.dsphotoeditor.sdk.ui.stickerview.StickerView.ActionMode.NONE, com.dsphotoeditor.sdk.ui.stickerview.StickerView.ActionMode.DRAG, com.dsphotoeditor.sdk.ui.stickerview.StickerView.ActionMode.ZOOM_WITH_TWO_FINGER, com.dsphotoeditor.sdk.ui.stickerview.StickerView.ActionMode.ICON, com.dsphotoeditor.sdk.ui.stickerview.StickerView.ActionMode.CLICK}" />
    </annotation>
  </item>
  <item name="com.dsphotoeditor.sdk.ui.stickerview.StickerView void addStickerImmediately(com.dsphotoeditor.sdk.ui.stickerview.Sticker, int) 1">
    <annotation name="androidx.annotation.IntDef">
      <val name="flag" val="true" />
      <val name="value" val="{com.dsphotoeditor.sdk.ui.stickerview.Sticker.Position.CENTER, com.dsphotoeditor.sdk.ui.stickerview.Sticker.Position.TOP, com.dsphotoeditor.sdk.ui.stickerview.Sticker.Position.BOTTOM, com.dsphotoeditor.sdk.ui.stickerview.Sticker.Position.LEFT, com.dsphotoeditor.sdk.ui.stickerview.Sticker.Position.RIGHT}" />
    </annotation>
  </item>
  <item name="com.dsphotoeditor.sdk.ui.stickerview.StickerView void flip(com.dsphotoeditor.sdk.ui.stickerview.Sticker, int) 1">
    <annotation name="androidx.annotation.IntDef">
      <val name="flag" val="true" />
      <val name="value" val="{com.dsphotoeditor.sdk.ui.stickerview.StickerView.FLIP_HORIZONTALLY, com.dsphotoeditor.sdk.ui.stickerview.StickerView.FLIP_VERTICALLY}" />
    </annotation>
  </item>
  <item name="com.dsphotoeditor.sdk.ui.stickerview.StickerView void setStickerPosition(com.dsphotoeditor.sdk.ui.stickerview.Sticker, int) 1">
    <annotation name="androidx.annotation.IntDef">
      <val name="flag" val="true" />
      <val name="value" val="{com.dsphotoeditor.sdk.ui.stickerview.Sticker.Position.CENTER, com.dsphotoeditor.sdk.ui.stickerview.Sticker.Position.TOP, com.dsphotoeditor.sdk.ui.stickerview.Sticker.Position.BOTTOM, com.dsphotoeditor.sdk.ui.stickerview.Sticker.Position.LEFT, com.dsphotoeditor.sdk.ui.stickerview.Sticker.Position.RIGHT}" />
    </annotation>
  </item>
</root>

